,Nighttime percentage in Hyperglycemia CGM > 180,Nighttime percentage in Critical Hyperglycemia CGM > 250,Nighttime percentage in First Range 70 <= CGM <= 180,Nighttime percentage in Secondary Range 70 <= CGM <= 150,Nighttime percentage in Hyperglycemia Level 1 (CGM < 70),Nighttime percentage in Hyperglycemia Level 2 (CGM < 54),Daytime percentage in Hyperglycemia CGM > 180,Daytime percentage in Critical Hyperglycemia CGM > 250,Daytime percentage in First Range 70 <= CGM <= 180,Daytime percentage in Secondary Range 70 <= CGM <= 150,Daytime percentage in Hyperglycemia Level 1 (CGM < 70),Daytime percentage in Hyperglycemia Level 2 (CGM < 54),Whole Day percentage in Hyperglycemia CGM > 180,Whole Day percentage in Critical Hyperglycemia CGM > 250,Whole Day percentage in first range 70 <= CGM <= 180,Whole Day percentage in secondary range 70 <= CGM <= 150,Whole Day percentage in Hyperglycemia Level 1 (CGM < 70),Whole Day percentage in Hyperglycemia Level 2 (CGM < 54)
Manual Mode,4.930555555555555,1.1111111111111112,19.444444444444446,14.467592592592593,0.6712962962962963,0.0,26.085069444444443,9.288194444444445,38.30295138888889,29.947916666666668,4.774305555555555,1.8012152777777777,30.70746527777778,10.32986111111111,56.53211805555556,43.51128472222222,5.403645833333334,1.8012152777777777
Auto Mode,2.9982053682896375,0.47791822721598,21.391229712858927,18.679775280898873,0.6768882646691635,0.19897003745318348,21.57600308641975,5.028935185185185,48.94868827160494,36.46990740740741,3.582175925925926,1.0686728395061729,24.540895061728396,5.5015432098765435,70.10223765432099,54.94212962962962,4.2515432098765435,1.2654320987654322
